name,email,section,branch
Chitti Pothula Dwarak Nag,chitti.pothula@anits.edu.in,4-A,CSM
Aravind Akula,aravind.akula@anits.edu.in,4-A,CSM
Manikanta Allam,manikanta.allam@anits.edu.in,4-A,CSM
Vinodh Kumar Aithi,vinodh.kumar@anits.edu.in,4-A,CSM
Gnana Sai Anisetty,gnana.sai@anits.edu.in,4-A,CSM
Abhay Ubhale Arya,abhay.ubhale@anits.edu.in,4-A,CSM
Karthikeya Badana,karthikeya.badana@anits.edu.in,4-A,CSM
Nithin Kumar Banka,nithin.banka@anits.edu.in,4-A,CSM
Mona Sahasra Batchu,mona.sahasra@anits.edu.in,4-A,CSM
Ravi Kiran Bathina,ravikiran.bathina@anits.edu.in,4-A,CSM
Aishwarya Bathula,aishwarya.bathula@anits.edu.in,4-A,CSM
Maniharika Batta,maniharika.batta@anits.edu.in,4-A,CSM
Annapurna Botsa,annapurna.botsa@anits.edu.in,4-A,CSM
Mutyalu Chintakayala,mutyalu.chintakayala@anits.edu.in,4-A,CSM
Joshna Priya Chukka,joshna.chukka@anits.edu.in,4-A,CSM
Chaitanya Reddy Dalli,chaitanya.dalli@anits.edu.in,4-A,CSM
Pardha Shankar Doni,pardha.shankar@anits.edu.in,4-A,CSM
Bhavana G,bhavana.g@anits.edu.in,4-B,CSM
Sai Vika Paulina Golla,saivika.golla@anits.edu.in,4-B,CSM
Meghana Gunda,meghana.gunda@anits.edu.in,4-B,CSM
Varsha Priya Guruvilli,varsha.guruvilli@anits.edu.in,4-B,CSM
Aryan Jami,aryan.jami@anits.edu.in,4-B,CSM
Rama Kandivalasa,rama.kandivalasa@anits.edu.in,4-B,CSM
Meghana Kaparapu,meghana.kaparapu@anits.edu.in,4-B,CSM
Sri Rachana Kapuganti,srirachana.kapuganti@anits.edu.in,4-B,CSM
Dhanunjaya Kaya,dhanunjaya.kaya@anits.edu.in,4-B,CSM
Lochan Meher Khaspa,lochan.khaspa@anits.edu.in,4-B,CSM
Sri Sanjana Kinjarapu,srisanjana.kinjarapu@anits.edu.in,4-B,CSM
Kishore Koduru,kishore.koduru@anits.edu.in,4-B,CSM
Yamini Kolli,yamini.kolli@anits.edu.in,4-B,CSM
Arjun Mehta,arjun.mehta@anits.edu.in,3-A,CSE
Riya Sharma,riya.sharma@anits.edu.in,3-A,CSE
Devansh Patel,devansh.patel@anits.edu.in,3-A,CSE
Sneha Iyer,sneha.iyer@anits.edu.in,3-A,CSE
Kiran Babu Rao,kiran.rao@anits.edu.in,3-A,CSE
Preethi Naidu,preethi.naidu@anits.edu.in,3-A,CSE
Venkat Subramaniam,venkat.subramaniam@anits.edu.in,3-A,CSE
Lavanya Krishnamurthy,lavanya.krishna@anits.edu.in,3-A,CSE
Siddharth Reddy,siddharth.reddy@anits.edu.in,3-A,CSE
Mounika Vattikuti,mounika.vattikuti@anits.edu.in,3-A,CSE
Tarun Goud,tarun.goud@anits.edu.in,3-B,CSE
Harini Bandari,harini.bandari@anits.edu.in,3-B,CSE
Anand Varma,anand.varma@anits.edu.in,3-B,CSE
Swathi Lakshmi,swathi.lakshmi@anits.edu.in,3-B,CSE
Bharat Teja,bharat.teja@anits.edu.in,3-B,CSE
Divya Sree Chandra,divyasree.chandra@anits.edu.in,3-B,CSE
Sai Ram Koneru,sairam.koneru@anits.edu.in,3-B,CSE
Nithya Priya Sajja,nithya.sajja@anits.edu.in,3-B,CSE
Karthik Mohan,karthik.mohan@anits.edu.in,3-B,CSE
Amrutha Valli,amrutha.valli@anits.edu.in,3-B,CSE
Rohit Nair,rohit.nair@anits.edu.in,2-A,ECE
Priyanka Devi,priyanka.devi@anits.edu.in,2-A,ECE
Ashwin Kumar,ashwin.kumar@anits.edu.in,2-A,ECE
Sushma Reddy,sushma.reddy@anits.edu.in,2-A,ECE
Manoj Patro,manoj.patro@anits.edu.in,2-A,ECE
Tejaswini Rao,tejaswini.rao@anits.edu.in,2-A,ECE
Praveen Chandra,praveen.chandra@anits.edu.in,2-A,ECE
Nandini Mahesh,nandini.mahesh@anits.edu.in,2-A,ECE
Raju Venkatesh,raju.venkatesh@anits.edu.in,2-B,ECE
Meena Kumari,meena.kumari@anits.edu.in,2-B,ECE
Srikanth Babu,srikanth.babu@anits.edu.in,2-B,ECE
Gayathri Sarma,gayathri.sarma@anits.edu.in,2-B,ECE
Aakash Raj Patnaik,aakash.patnaik@anits.edu.in,2-B,ECE
Durga Prasad,durga.prasad@anits.edu.in,2-B,ECE
Hemanth Sai,hemanth.sai@anits.edu.in,2-B,ECE
Akshara Raju,akshara.raju@anits.edu.in,2-B,ECE
Vijay Krishna,vijay.krishna@anits.edu.in,1-A,MECH
Pooja Mallikarjun,pooja.mallikarjun@anits.edu.in,1-A,MECH
Santhosh Babu,santhosh.babu@anits.edu.in,1-A,MECH
Kavya Priya,kavya.priya@anits.edu.in,1-A,MECH
Ravi Teja Konduru,raviteja.konduru@anits.edu.in,1-A,MECH
Anusha Laxmi,anusha.laxmi@anits.edu.in,1-A,MECH
Mahesh Varma,mahesh.varma@anits.edu.in,1-A,MECH
Vinitha Gopal,vinitha.gopal@anits.edu.in,1-A,MECH
Kalyan Chakravarthy,kalyan.chakravarthy@anits.edu.in,1-B,MECH
Sindhu Priya,sindhu.priya@anits.edu.in,1-B,MECH
Sai Teja Avvari,saiteja.avvari@anits.edu.in,1-B,MECH
Ramya Lakshmi,ramya.lakshmi@anits.edu.in,1-B,MECH
Chetan Patel,chetan.patel@anits.edu.in,1-B,MECH
Madhuri Devi,madhuri.devi@anits.edu.in,1-B,MECH
Satya Narayana,satya.narayana@anits.edu.in,1-B,MECH
Pavani Susarla,pavani.susarla@anits.edu.in,1-B,MECH
